{
  "completed_subjects": 8,
  "failed_subjects": 0,
  "skipped_subjects": 0,
  "selected_subjects": 8,
  "copied_csc_tmp_dirs": 48,
  "fault_localization_summary": {
    "manifest_count": 48,
    "evaluation_report_count": 48,
    "row_count": 360,
    "evaluated_row_count": 351,
    "evaluated_mutant_count": 39,
    "missing_result_count": 0,
    "invalid_report_count": 0,
    "orphan_result_count": 0,
    "top_k": [
      1,
      3,
      5,
      10
    ],
    "strategies": {
      "aggregated.composite.condition_or_interval": {
        "row_count": 39,
        "hit_count": 39,
        "hit_rate": 1.0,
        "mean_best_rank": 2.641025641025641,
        "mean_region_size_average": 13.700765666376524,
        "mean_hit_region_size": 2.8461538461538463,
        "mean_hit_item_region_size": 2.8461538461538463,
        "mean_cumulative_inspection_region_at_first_hit": 8.487179487179487,
        "top1_hit_count": 21,
        "top1_hit_rate": 0.5384615384615384,
        "mean_top1_inspection_region": 2.8974358974358974,
        "top3_hit_count": 28,
        "top3_hit_rate": 0.717948717948718,
        "mean_top3_inspection_region": 7.717948717948718,
        "top5_hit_count": 33,
        "top5_hit_rate": 0.8461538461538461,
        "mean_top5_inspection_region": 11.35897435897436,
        "top10_hit_count": 38,
        "top10_hit_rate": 0.9743589743589743,
        "mean_top10_inspection_region": 16.794871794871796
      },
      "aggregated.condition_node": {
        "row_count": 39,
        "hit_count": 18,
        "hit_rate": 0.46153846153846156,
        "mean_best_rank": 1.8888888888888888,
        "mean_region_size_average": 1.0,
        "mean_hit_region_size": 1.0,
        "mean_hit_item_region_size": 1.0,
        "mean_cumulative_inspection_region_at_first_hit": 1.8888888888888888,
        "top1_hit_count": 12,
        "top1_hit_rate": 0.3076923076923077,
        "mean_top1_inspection_region": 1.0,
        "top3_hit_count": 16,
        "top3_hit_rate": 0.41025641025641024,
        "mean_top3_inspection_region": 2.5641025641025643,
        "top5_hit_count": 17,
        "top5_hit_rate": 0.4358974358974359,
        "mean_top5_inspection_region": 3.641025641025641,
        "top10_hit_count": 18,
        "top10_hit_rate": 0.46153846153846156,
        "mean_top10_inspection_region": 5.666666666666667
      },
      "aggregated.interval.cct_only": {
        "row_count": 39,
        "hit_count": 28,
        "hit_rate": 0.717948717948718,
        "mean_best_rank": 2.8214285714285716,
        "mean_region_size_average": 3.6662504560128992,
        "mean_hit_region_size": 4.75,
        "mean_hit_item_region_size": 4.75,
        "mean_cumulative_inspection_region_at_first_hit": 10.642857142857142,
        "top1_hit_count": 15,
        "top1_hit_rate": 0.38461538461538464,
        "mean_top1_inspection_region": 3.282051282051282,
        "top3_hit_count": 21,
        "top3_hit_rate": 0.5384615384615384,
        "mean_top3_inspection_region": 10.307692307692308,
        "top5_hit_count": 24,
        "top5_hit_rate": 0.6153846153846154,
        "mean_top5_inspection_region": 13.948717948717949,
        "top10_hit_count": 27,
        "top10_hit_rate": 0.6923076923076923,
        "mean_top10_inspection_region": 20.923076923076923
      },
      "aggregated.interval.edge_divergence_gated": {
        "row_count": 39,
        "hit_count": 21,
        "hit_rate": 0.5384615384615384,
        "mean_best_rank": 3.2857142857142856,
        "mean_region_size_average": 0.9396069846861703,
        "mean_hit_region_size": 2.0476190476190474,
        "mean_hit_item_region_size": 2.0476190476190474,
        "mean_cumulative_inspection_region_at_first_hit": 7.619047619047619,
        "top1_hit_count": 9,
        "top1_hit_rate": 0.23076923076923078,
        "mean_top1_inspection_region": 1.8974358974358974,
        "top3_hit_count": 12,
        "top3_hit_rate": 0.3076923076923077,
        "mean_top3_inspection_region": 5.153846153846154,
        "top5_hit_count": 16,
        "top5_hit_rate": 0.41025641025641024,
        "mean_top5_inspection_region": 7.717948717948718,
        "top10_hit_count": 20,
        "top10_hit_rate": 0.5128205128205128,
        "mean_top10_inspection_region": 11.128205128205128
      },
      "aggregated.interval.statement_presence": {
        "row_count": 39,
        "hit_count": 21,
        "hit_rate": 0.5384615384615384,
        "mean_best_rank": 3.1904761904761907,
        "mean_region_size_average": 0.9396069846861703,
        "mean_hit_region_size": 2.0476190476190474,
        "mean_hit_item_region_size": 2.0476190476190474,
        "mean_cumulative_inspection_region_at_first_hit": 7.380952380952381,
        "top1_hit_count": 9,
        "top1_hit_rate": 0.23076923076923078,
        "mean_top1_inspection_region": 1.8974358974358974,
        "top3_hit_count": 13,
        "top3_hit_rate": 0.3333333333333333,
        "mean_top3_inspection_region": 4.9743589743589745,
        "top5_hit_count": 16,
        "top5_hit_rate": 0.41025641025641024,
        "mean_top5_inspection_region": 7.512820512820513,
        "top10_hit_count": 21,
        "top10_hit_rate": 0.5384615384615384,
        "mean_top10_inspection_region": 11.076923076923077
      },
      "raw.condition_node": {
        "row_count": 39,
        "hit_count": 18,
        "hit_rate": 0.46153846153846156,
        "mean_best_rank": 3.5,
        "mean_region_size_average": 1.0,
        "mean_hit_region_size": 1.0,
        "mean_hit_item_region_size": 1.0,
        "mean_cumulative_inspection_region_at_first_hit": 1.8888888888888888,
        "top1_hit_count": 12,
        "top1_hit_rate": 0.3076923076923077,
        "mean_top1_inspection_region": 1.0,
        "top3_hit_count": 14,
        "top3_hit_rate": 0.358974358974359,
        "mean_top3_inspection_region": 1.7179487179487178,
        "top5_hit_count": 16,
        "top5_hit_rate": 0.41025641025641024,
        "mean_top5_inspection_region": 2.076923076923077,
        "top10_hit_count": 16,
        "top10_hit_rate": 0.41025641025641024,
        "mean_top10_inspection_region": 2.5128205128205128
      },
      "raw.interval.cct_only": {
        "row_count": 39,
        "hit_count": 28,
        "hit_rate": 0.717948717948718,
        "mean_best_rank": 19.535714285714285,
        "mean_region_size_average": 2.642471428611376,
        "mean_hit_region_size": 4.392857142857143,
        "mean_hit_item_region_size": 4.392857142857143,
        "mean_cumulative_inspection_region_at_first_hit": 10.642857142857142,
        "top1_hit_count": 15,
        "top1_hit_rate": 0.38461538461538464,
        "mean_top1_inspection_region": 3.282051282051282,
        "top3_hit_count": 16,
        "top3_hit_rate": 0.41025641025641024,
        "mean_top3_inspection_region": 5.564102564102564,
        "top5_hit_count": 16,
        "top5_hit_rate": 0.41025641025641024,
        "mean_top5_inspection_region": 6.615384615384615,
        "top10_hit_count": 18,
        "top10_hit_rate": 0.46153846153846156,
        "mean_top10_inspection_region": 8.58974358974359
      },
      "raw.interval.edge_divergence_gated": {
        "row_count": 39,
        "hit_count": 21,
        "hit_rate": 0.5384615384615384,
        "mean_best_rank": 38.23809523809524,
        "mean_region_size_average": 1.1108379159996806,
        "mean_hit_region_size": 2.0476190476190474,
        "mean_hit_item_region_size": 2.0476190476190474,
        "mean_cumulative_inspection_region_at_first_hit": 7.619047619047619,
        "top1_hit_count": 9,
        "top1_hit_rate": 0.23076923076923078,
        "mean_top1_inspection_region": 1.8974358974358974,
        "top3_hit_count": 10,
        "top3_hit_rate": 0.2564102564102564,
        "mean_top3_inspection_region": 2.923076923076923,
        "top5_hit_count": 10,
        "top5_hit_rate": 0.2564102564102564,
        "mean_top5_inspection_region": 3.641025641025641,
        "top10_hit_count": 12,
        "top10_hit_rate": 0.3076923076923077,